/*
SQLyog Ultimate v11.33 (32 bit)
MySQL - 5.5.8 : Database - skripsi22_octa_jasajahitterdekat
*********************************************************************
*/

/*!40101 SET NAMES utf8 */;

/*!40101 SET SQL_MODE=''*/;

/*!40014 SET @OLD_UNIQUE_CHECKS=@@UNIQUE_CHECKS, UNIQUE_CHECKS=0 */;
/*!40014 SET @OLD_FOREIGN_KEY_CHECKS=@@FOREIGN_KEY_CHECKS, FOREIGN_KEY_CHECKS=0 */;
/*!40101 SET @OLD_SQL_MODE=@@SQL_MODE, SQL_MODE='NO_AUTO_VALUE_ON_ZERO' */;
/*!40111 SET @OLD_SQL_NOTES=@@SQL_NOTES, SQL_NOTES=0 */;
CREATE DATABASE /*!32312 IF NOT EXISTS*/`skripsi22_octa_jasajahitterdekat` /*!40100 DEFAULT CHARACTER SET latin1 */;

USE `skripsi22_octa_jasajahitterdekat`;

/*Table structure for table `hasilpencarian` */

DROP TABLE IF EXISTS `hasilpencarian`;

CREATE TABLE `hasilpencarian` (
  `idhasilpencarian` int(11) NOT NULL AUTO_INCREMENT,
  `idpencari` int(11) NOT NULL,
  `idpenjahit` int(11) NOT NULL,
  `lon1` double NOT NULL,
  `lon2` double NOT NULL,
  `lat1` double NOT NULL,
  `lat2` double NOT NULL,
  `rad` double NOT NULL,
  `R` double NOT NULL,
  PRIMARY KEY (`idhasilpencarian`),
  UNIQUE KEY `u1` (`idpencari`,`lon1`,`lon2`,`lat1`,`lat2`,`rad`,`R`)
) ENGINE=InnoDB AUTO_INCREMENT=2515 DEFAULT CHARSET=latin1;

/*Data for the table `hasilpencarian` */

insert  into `hasilpencarian`(`idhasilpencarian`,`idpencari`,`idpenjahit`,`lon1`,`lon2`,`lat1`,`lat2`,`rad`,`R`) values (1,1,1,105.2672,105.26202485344746,-5.4099968,-5.448275712178152,0.0174532925,6371),(2,1,2,105.2672,105.2601833,-5.4099968,-5.4342769,0.0174532925,6371),(3,1,3,105.2672,105.2565569,-5.4099968,-5.429225,0.0174532925,6371),(337,4,5,0,105.247674,0,-5.345272,0.0174532925,6371),(338,4,6,0,105.244896,0,-5.343392,0.0174532925,6371),(339,4,7,0,105.263167,0,-5.350987,0.0174532925,6371),(340,4,8,0,105.248673,0,-5.353849,0.0174532925,6371),(341,4,9,0,105.259691,0,-5.349203,0.0174532925,6371),(342,4,10,0,105.22776,0,-5.369963,0.0174532925,6371),(343,4,11,0,105.24622,0,-5.34622,0.0174532925,6371),(344,4,12,0,105.23602,0,-5.366329,0.0174532925,6371),(345,4,13,0,105.242652,0,-5.374223,0.0174532925,6371),(346,4,14,0,105.24666,0,-5.362783,0.0174532925,6371),(347,4,15,0,105.253891,0,-5.384473,0.0174532925,6371),(348,4,16,0,105.247225,0,-5.36999,0.0174532925,6371),(349,4,17,0,105.257988,0,-5.387419,0.0174532925,6371),(350,4,18,0,105.259896,0,-5.373012,0.0174532925,6371),(351,4,19,0,105.260225,0,-5.388233,0.0174532925,6371),(352,4,20,0,105.2622,0,-5.387344,0.0174532925,6371),(353,4,21,0,105.252768,0,-5.37304,0.0174532925,6371),(354,4,22,0,105.256115,0,-5.362954,0.0174532925,6371),(355,4,23,0,105.256415,0,-5.364076,0.0174532925,6371),(356,4,24,0,105.256285,0,-5.364085,0.0174532925,6371),(357,4,25,0,105.254189,0,-5.372798,0.0174532925,6371),(358,4,26,0,105.247135,0,-5.365189,0.0174532925,6371),(359,4,27,0,105.27233,0,-5.379561,0.0174532925,6371),(360,4,28,0,105.268343,0,-5.377529,0.0174532925,6371),(361,4,29,0,105.251822,0,-5.398591,0.0174532925,6371),(362,4,30,0,105.265926,0,-5.375879,0.0174532925,6371),(363,4,31,0,105.266226,0,-5.373059,0.0174532925,6371),(364,4,32,0,105.216322,0,-5.374255,0.0174532925,6371),(365,4,33,0,105.220619,0,-5.387179,0.0174532925,6371),(366,4,34,0,105.216537,0,-5.394769,0.0174532925,6371),(367,4,35,0,105.215357,0,-5.393103,0.0174532925,6371),(368,4,36,0,105.227841,0,-5.369188,0.0174532925,6371),(369,4,37,0,105.198612,0,-5.403037,0.0174532925,6371),(370,4,38,0,105.22009,0,-5.39138,0.0174532925,6371),(371,4,39,0,105.281621,0,-5.362422,0.0174532925,6371),(372,4,40,0,105.272818,0,-5.360372,0.0174532925,6371),(373,4,41,0,105.287956,0,-5.363254,0.0174532925,6371),(374,4,42,0,105.283871,0,-5.359294,0.0174532925,6371),(375,4,43,0,105.287544,0,-5.353174,0.0174532925,6371),(376,4,44,0,105.291326,0,-5.350529,0.0174532925,6371),(377,4,45,0,105.2899,0,-5.363476,0.0174532925,6371),(378,4,46,0,105.29103,0,-5.367256,0.0174532925,6371),(379,4,47,0,105.275165,0,-5.377518,0.0174532925,6371),(380,4,48,0,105.274143,0,-5.385046,0.0174532925,6371),(381,4,49,0,105.273481,0,-5.385878,0.0174532925,6371),(382,4,50,0,105.267618,0,-5.384873,0.0174532925,6371),(383,4,51,0,105.271114,0,-5.392568,0.0174532925,6371),(384,4,52,0,105.281376,0,-5.391951,0.0174532925,6371),(385,4,53,0,105.26051,0,-5.3687,0.0174532925,6371),(386,4,54,0,105.263051,0,-5.375879,0.0174532925,6371),(387,4,55,0,105.267327,0,-5.429437,0.0174532925,6371),(388,4,56,0,105.262435,0,-5.43341,0.0174532925,6371),(389,4,57,0,105.257083,0,-5.433231,0.0174532925,6371),(390,4,58,0,105.25441,0,-5.434538,0.0174532925,6371),(391,4,59,0,105.25323,0,-5.437305,0.0174532925,6371),(392,4,60,0,105.24242,0,-5.431594,0.0174532925,6371),(393,4,61,0,105.260745,0,-5.444142,0.0174532925,6371),(394,4,62,0,105.264628,0,-5.446897,0.0174532925,6371),(395,4,63,0,105.261882,0,-5.44788,0.0174532925,6371),(396,4,64,0,105.256926,0,-5.450322,0.0174532925,6371),(397,4,65,0,105.309066,0,-5.449654,0.0174532925,6371),(398,4,66,0,105.266438,0,-5.445818,0.0174532925,6371),(399,4,67,0,105.244208,0,-5.452442,0.0174532925,6371),(400,4,68,0,105.222362,0,-5.392451,0.0174532925,6371),(401,4,69,0,105.229135,0,-5.397913,0.0174532925,6371),(402,4,70,0,105.24983,0,-5.418685,0.0174532925,6371),(403,4,71,0,105.251794,0,-5.418632,0.0174532925,6371),(404,4,72,0,105.255399,0,-5.424683,0.0174532925,6371),(405,4,73,0,105.263024,0,-5.415646,0.0174532925,6371),(406,4,74,0,105.275806,0,-5.425497,0.0174532925,6371),(407,4,75,0,105.274661,0,-5.416922,0.0174532925,6371),(408,4,76,0,105.274093,0,-5.418631,0.0174532925,6371),(409,4,77,0,105.31642,0,-5.396066,0.0174532925,6371),(410,4,78,0,105.322847,0,-5.417465,0.0174532925,6371),(411,4,79,0,105.251203,0,-5.405103,0.0174532925,6371),(412,4,80,0,105.243624,0,-5.396438,0.0174532925,6371),(413,4,81,0,105.240598,0,-5.406681,0.0174532925,6371),(414,4,82,0,105.244005,0,-5.388806,0.0174532925,6371),(415,4,83,0,105.250166,0,-5.403079,0.0174532925,6371),(416,4,84,0,105.257456,0,-5.415305,0.0174532925,6371),(417,4,85,0,105.258365,0,-5.414528,0.0174532925,6371),(418,4,86,0,105.259277,0,-5.414547,0.0174532925,6371),(419,4,87,0,105.262031,0,-5.421226,0.0174532925,6371),(420,4,88,0,105.262029,0,-5.421237,0.0174532925,6371),(421,4,89,0,105.262012,0,-5.421278,0.0174532925,6371),(422,4,90,0,105.271557,0,-5.428024,0.0174532925,6371),(423,4,91,0,105.273746,0,-5.428755,0.0174532925,6371),(424,4,92,0,105.265987,0,-5.410956,0.0174532925,6371),(425,4,93,0,105.300237,0,-5.391494,0.0174532925,6371),(426,4,94,0,105.307028,0,-5.388134,0.0174532925,6371),(427,4,95,0,105.289981,0,-5.37488,0.0174532925,6371),(428,4,96,0,105.289957,0,-5.375813,0.0174532925,6371),(429,4,97,0,105.289147,0,-5.378467,0.0174532925,6371),(430,4,98,0,105.294319,0,-5.38938,0.0174532925,6371),(431,4,99,0,105.304104,0,-5.394186,0.0174532925,6371),(432,4,100,0,105.300231,0,-5.391377,0.0174532925,6371),(433,4,101,0,105.291687,0,-5.403295,0.0174532925,6371),(434,4,102,0,105.309082,0,-5.399954,0.0174532925,6371),(435,4,103,0,105.313803,0,-5.401193,0.0174532925,6371),(436,4,104,0,105.301035,0,-5.394475,0.0174532925,6371),(437,4,105,0,105.274914,0,-5.446074,0.0174532925,6371),(438,4,106,0,105.323362,0,-5.477972,0.0174532925,6371),(439,4,107,0,105.323571,0,-5.480922,0.0174532925,6371),(440,4,108,0,105.335383,0,-5.434434,0.0174532925,6371),(545,4,5,106.807296,105.247674,-6.2291968,-5.345272,0.0174532925,6371),(546,4,6,106.807296,105.244896,-6.2291968,-5.343392,0.0174532925,6371),(547,4,7,106.807296,105.263167,-6.2291968,-5.350987,0.0174532925,6371),(548,4,8,106.807296,105.248673,-6.2291968,-5.353849,0.0174532925,6371),(549,4,9,106.807296,105.259691,-6.2291968,-5.349203,0.0174532925,6371),(550,4,10,106.807296,105.22776,-6.2291968,-5.369963,0.0174532925,6371),(551,4,11,106.807296,105.24622,-6.2291968,-5.34622,0.0174532925,6371),(552,4,12,106.807296,105.23602,-6.2291968,-5.366329,0.0174532925,6371),(553,4,13,106.807296,105.242652,-6.2291968,-5.374223,0.0174532925,6371),(554,4,14,106.807296,105.24666,-6.2291968,-5.362783,0.0174532925,6371),(555,4,15,106.807296,105.253891,-6.2291968,-5.384473,0.0174532925,6371),(556,4,16,106.807296,105.247225,-6.2291968,-5.36999,0.0174532925,6371),(557,4,17,106.807296,105.257988,-6.2291968,-5.387419,0.0174532925,6371),(558,4,18,106.807296,105.259896,-6.2291968,-5.373012,0.0174532925,6371),(559,4,19,106.807296,105.260225,-6.2291968,-5.388233,0.0174532925,6371),(560,4,20,106.807296,105.2622,-6.2291968,-5.387344,0.0174532925,6371),(561,4,21,106.807296,105.252768,-6.2291968,-5.37304,0.0174532925,6371),(562,4,22,106.807296,105.256115,-6.2291968,-5.362954,0.0174532925,6371),(563,4,23,106.807296,105.256415,-6.2291968,-5.364076,0.0174532925,6371),(564,4,24,106.807296,105.256285,-6.2291968,-5.364085,0.0174532925,6371),(565,4,25,106.807296,105.254189,-6.2291968,-5.372798,0.0174532925,6371),(566,4,26,106.807296,105.247135,-6.2291968,-5.365189,0.0174532925,6371),(567,4,27,106.807296,105.27233,-6.2291968,-5.379561,0.0174532925,6371),(568,4,28,106.807296,105.268343,-6.2291968,-5.377529,0.0174532925,6371),(569,4,29,106.807296,105.251822,-6.2291968,-5.398591,0.0174532925,6371),(570,4,30,106.807296,105.265926,-6.2291968,-5.375879,0.0174532925,6371),(571,4,31,106.807296,105.266226,-6.2291968,-5.373059,0.0174532925,6371),(572,4,32,106.807296,105.216322,-6.2291968,-5.374255,0.0174532925,6371),(573,4,33,106.807296,105.220619,-6.2291968,-5.387179,0.0174532925,6371),(574,4,34,106.807296,105.216537,-6.2291968,-5.394769,0.0174532925,6371),(575,4,35,106.807296,105.215357,-6.2291968,-5.393103,0.0174532925,6371),(576,4,36,106.807296,105.227841,-6.2291968,-5.369188,0.0174532925,6371),(577,4,37,106.807296,105.198612,-6.2291968,-5.403037,0.0174532925,6371),(578,4,38,106.807296,105.22009,-6.2291968,-5.39138,0.0174532925,6371),(579,4,39,106.807296,105.281621,-6.2291968,-5.362422,0.0174532925,6371),(580,4,40,106.807296,105.272818,-6.2291968,-5.360372,0.0174532925,6371),(581,4,41,106.807296,105.287956,-6.2291968,-5.363254,0.0174532925,6371),(582,4,42,106.807296,105.283871,-6.2291968,-5.359294,0.0174532925,6371),(583,4,43,106.807296,105.287544,-6.2291968,-5.353174,0.0174532925,6371),(584,4,44,106.807296,105.291326,-6.2291968,-5.350529,0.0174532925,6371),(585,4,45,106.807296,105.2899,-6.2291968,-5.363476,0.0174532925,6371),(586,4,46,106.807296,105.29103,-6.2291968,-5.367256,0.0174532925,6371),(587,4,47,106.807296,105.275165,-6.2291968,-5.377518,0.0174532925,6371),(588,4,48,106.807296,105.274143,-6.2291968,-5.385046,0.0174532925,6371),(589,4,49,106.807296,105.273481,-6.2291968,-5.385878,0.0174532925,6371),(590,4,50,106.807296,105.267618,-6.2291968,-5.384873,0.0174532925,6371),(591,4,51,106.807296,105.271114,-6.2291968,-5.392568,0.0174532925,6371),(592,4,52,106.807296,105.281376,-6.2291968,-5.391951,0.0174532925,6371),(593,4,53,106.807296,105.26051,-6.2291968,-5.3687,0.0174532925,6371),(594,4,54,106.807296,105.263051,-6.2291968,-5.375879,0.0174532925,6371),(595,4,55,106.807296,105.267327,-6.2291968,-5.429437,0.0174532925,6371),(596,4,56,106.807296,105.262435,-6.2291968,-5.43341,0.0174532925,6371),(597,4,57,106.807296,105.257083,-6.2291968,-5.433231,0.0174532925,6371),(598,4,58,106.807296,105.25441,-6.2291968,-5.434538,0.0174532925,6371),(599,4,59,106.807296,105.25323,-6.2291968,-5.437305,0.0174532925,6371),(600,4,60,106.807296,105.24242,-6.2291968,-5.431594,0.0174532925,6371),(601,4,61,106.807296,105.260745,-6.2291968,-5.444142,0.0174532925,6371),(602,4,62,106.807296,105.264628,-6.2291968,-5.446897,0.0174532925,6371),(603,4,63,106.807296,105.261882,-6.2291968,-5.44788,0.0174532925,6371),(604,4,64,106.807296,105.256926,-6.2291968,-5.450322,0.0174532925,6371),(605,4,65,106.807296,105.309066,-6.2291968,-5.449654,0.0174532925,6371),(606,4,66,106.807296,105.266438,-6.2291968,-5.445818,0.0174532925,6371),(607,4,67,106.807296,105.244208,-6.2291968,-5.452442,0.0174532925,6371),(608,4,68,106.807296,105.222362,-6.2291968,-5.392451,0.0174532925,6371),(609,4,69,106.807296,105.229135,-6.2291968,-5.397913,0.0174532925,6371),(610,4,70,106.807296,105.24983,-6.2291968,-5.418685,0.0174532925,6371),(611,4,71,106.807296,105.251794,-6.2291968,-5.418632,0.0174532925,6371),(612,4,72,106.807296,105.255399,-6.2291968,-5.424683,0.0174532925,6371),(613,4,73,106.807296,105.263024,-6.2291968,-5.415646,0.0174532925,6371),(614,4,74,106.807296,105.275806,-6.2291968,-5.425497,0.0174532925,6371),(615,4,75,106.807296,105.274661,-6.2291968,-5.416922,0.0174532925,6371),(616,4,76,106.807296,105.274093,-6.2291968,-5.418631,0.0174532925,6371),(617,4,77,106.807296,105.31642,-6.2291968,-5.396066,0.0174532925,6371),(618,4,78,106.807296,105.322847,-6.2291968,-5.417465,0.0174532925,6371),(619,4,79,106.807296,105.251203,-6.2291968,-5.405103,0.0174532925,6371),(620,4,80,106.807296,105.243624,-6.2291968,-5.396438,0.0174532925,6371),(621,4,81,106.807296,105.240598,-6.2291968,-5.406681,0.0174532925,6371),(622,4,82,106.807296,105.244005,-6.2291968,-5.388806,0.0174532925,6371),(623,4,83,106.807296,105.250166,-6.2291968,-5.403079,0.0174532925,6371),(624,4,84,106.807296,105.257456,-6.2291968,-5.415305,0.0174532925,6371),(625,4,85,106.807296,105.258365,-6.2291968,-5.414528,0.0174532925,6371),(626,4,86,106.807296,105.259277,-6.2291968,-5.414547,0.0174532925,6371),(627,4,87,106.807296,105.262031,-6.2291968,-5.421226,0.0174532925,6371),(628,4,88,106.807296,105.262029,-6.2291968,-5.421237,0.0174532925,6371),(629,4,89,106.807296,105.262012,-6.2291968,-5.421278,0.0174532925,6371),(630,4,90,106.807296,105.271557,-6.2291968,-5.428024,0.0174532925,6371),(631,4,91,106.807296,105.273746,-6.2291968,-5.428755,0.0174532925,6371),(632,4,92,106.807296,105.265987,-6.2291968,-5.410956,0.0174532925,6371),(633,4,93,106.807296,105.300237,-6.2291968,-5.391494,0.0174532925,6371),(634,4,94,106.807296,105.307028,-6.2291968,-5.388134,0.0174532925,6371),(635,4,95,106.807296,105.289981,-6.2291968,-5.37488,0.0174532925,6371),(636,4,96,106.807296,105.289957,-6.2291968,-5.375813,0.0174532925,6371),(637,4,97,106.807296,105.289147,-6.2291968,-5.378467,0.0174532925,6371),(638,4,98,106.807296,105.294319,-6.2291968,-5.38938,0.0174532925,6371),(639,4,99,106.807296,105.304104,-6.2291968,-5.394186,0.0174532925,6371),(640,4,100,106.807296,105.300231,-6.2291968,-5.391377,0.0174532925,6371),(641,4,101,106.807296,105.291687,-6.2291968,-5.403295,0.0174532925,6371),(642,4,102,106.807296,105.309082,-6.2291968,-5.399954,0.0174532925,6371),(643,4,103,106.807296,105.313803,-6.2291968,-5.401193,0.0174532925,6371),(644,4,104,106.807296,105.301035,-6.2291968,-5.394475,0.0174532925,6371),(645,4,105,106.807296,105.274914,-6.2291968,-5.446074,0.0174532925,6371),(646,4,106,106.807296,105.323362,-6.2291968,-5.477972,0.0174532925,6371),(647,4,107,106.807296,105.323571,-6.2291968,-5.480922,0.0174532925,6371),(648,4,108,106.807296,105.335383,-6.2291968,-5.434434,0.0174532925,6371),(2412,6,5,105.2348543,105.247674,-5.3724992,-5.345272,0.0174532925,6371),(2413,6,6,105.2348543,105.244896,-5.3724992,-5.343392,0.0174532925,6371),(2414,6,7,105.2348543,105.263167,-5.3724992,-5.350987,0.0174532925,6371),(2415,6,8,105.2348543,105.248673,-5.3724992,-5.353849,0.0174532925,6371),(2416,6,9,105.2348543,105.259691,-5.3724992,-5.349203,0.0174532925,6371),(2417,6,10,105.2348543,105.22776,-5.3724992,-5.369963,0.0174532925,6371),(2418,6,11,105.2348543,105.24622,-5.3724992,-5.34622,0.0174532925,6371),(2419,6,12,105.2348543,105.23602,-5.3724992,-5.366329,0.0174532925,6371),(2420,6,13,105.2348543,105.242652,-5.3724992,-5.374223,0.0174532925,6371),(2421,6,14,105.2348543,105.24666,-5.3724992,-5.362783,0.0174532925,6371),(2422,6,15,105.2348543,105.253891,-5.3724992,-5.384473,0.0174532925,6371),(2423,6,16,105.2348543,105.247225,-5.3724992,-5.36999,0.0174532925,6371),(2424,6,17,105.2348543,105.257988,-5.3724992,-5.387419,0.0174532925,6371),(2425,6,18,105.2348543,105.259896,-5.3724992,-5.373012,0.0174532925,6371),(2426,6,19,105.2348543,105.260225,-5.3724992,-5.388233,0.0174532925,6371),(2427,6,21,105.2348543,105.252768,-5.3724992,-5.37304,0.0174532925,6371),(2428,6,22,105.2348543,105.256115,-5.3724992,-5.362954,0.0174532925,6371),(2429,6,23,105.2348543,105.256415,-5.3724992,-5.364076,0.0174532925,6371),(2430,6,24,105.2348543,105.256285,-5.3724992,-5.364085,0.0174532925,6371),(2431,6,25,105.2348543,105.254189,-5.3724992,-5.372798,0.0174532925,6371),(2432,6,26,105.2348543,105.247135,-5.3724992,-5.365189,0.0174532925,6371),(2433,6,27,105.2348543,105.27233,-5.3724992,-5.379561,0.0174532925,6371),(2434,6,28,105.2348543,105.268343,-5.3724992,-5.377529,0.0174532925,6371),(2435,6,29,105.2348543,105.251822,-5.3724992,-5.398591,0.0174532925,6371),(2436,6,30,105.2348543,105.265926,-5.3724992,-5.375879,0.0174532925,6371),(2437,6,31,105.2348543,105.266226,-5.3724992,-5.373059,0.0174532925,6371),(2438,6,32,105.2348543,105.216322,-5.3724992,-5.374255,0.0174532925,6371),(2439,6,33,105.2348543,105.220619,-5.3724992,-5.387179,0.0174532925,6371),(2440,6,34,105.2348543,105.216537,-5.3724992,-5.394769,0.0174532925,6371),(2441,6,35,105.2348543,105.215357,-5.3724992,-5.393103,0.0174532925,6371),(2442,6,36,105.2348543,105.227841,-5.3724992,-5.369188,0.0174532925,6371),(2443,6,37,105.2348543,105.198612,-5.3724992,-5.403037,0.0174532925,6371),(2444,6,38,105.2348543,105.22009,-5.3724992,-5.39138,0.0174532925,6371),(2445,6,39,105.2348543,105.281621,-5.3724992,-5.362422,0.0174532925,6371),(2446,6,40,105.2348543,105.272818,-5.3724992,-5.360372,0.0174532925,6371),(2447,6,41,105.2348543,105.287956,-5.3724992,-5.363254,0.0174532925,6371),(2448,6,42,105.2348543,105.283871,-5.3724992,-5.359294,0.0174532925,6371),(2449,6,43,105.2348543,105.287544,-5.3724992,-5.353174,0.0174532925,6371),(2450,6,44,105.2348543,105.291326,-5.3724992,-5.350529,0.0174532925,6371),(2451,6,45,105.2348543,105.2899,-5.3724992,-5.363476,0.0174532925,6371),(2452,6,46,105.2348543,105.29103,-5.3724992,-5.367256,0.0174532925,6371),(2453,6,47,105.2348543,105.275165,-5.3724992,-5.377518,0.0174532925,6371),(2454,6,48,105.2348543,105.274143,-5.3724992,-5.385046,0.0174532925,6371),(2455,6,49,105.2348543,105.273481,-5.3724992,-5.385878,0.0174532925,6371),(2456,6,50,105.2348543,105.267618,-5.3724992,-5.384873,0.0174532925,6371),(2457,6,51,105.2348543,105.271114,-5.3724992,-5.392568,0.0174532925,6371),(2458,6,52,105.2348543,105.281376,-5.3724992,-5.391951,0.0174532925,6371),(2459,6,53,105.2348543,105.26051,-5.3724992,-5.3687,0.0174532925,6371),(2460,6,54,105.2348543,105.263051,-5.3724992,-5.375879,0.0174532925,6371),(2461,6,55,105.2348543,105.267327,-5.3724992,-5.429437,0.0174532925,6371),(2462,6,56,105.2348543,105.262435,-5.3724992,-5.43341,0.0174532925,6371),(2463,6,57,105.2348543,105.257083,-5.3724992,-5.433231,0.0174532925,6371),(2464,6,58,105.2348543,105.25441,-5.3724992,-5.434538,0.0174532925,6371),(2465,6,59,105.2348543,105.25323,-5.3724992,-5.437305,0.0174532925,6371),(2466,6,60,105.2348543,105.24242,-5.3724992,-5.431594,0.0174532925,6371),(2467,6,61,105.2348543,105.260745,-5.3724992,-5.444142,0.0174532925,6371),(2468,6,62,105.2348543,105.264628,-5.3724992,-5.446897,0.0174532925,6371),(2469,6,63,105.2348543,105.261882,-5.3724992,-5.44788,0.0174532925,6371),(2470,6,64,105.2348543,105.256926,-5.3724992,-5.450322,0.0174532925,6371),(2471,6,65,105.2348543,105.309066,-5.3724992,-5.449654,0.0174532925,6371),(2472,6,66,105.2348543,105.266438,-5.3724992,-5.445818,0.0174532925,6371),(2473,6,67,105.2348543,105.244208,-5.3724992,-5.452442,0.0174532925,6371),(2474,6,68,105.2348543,105.222362,-5.3724992,-5.392451,0.0174532925,6371),(2475,6,69,105.2348543,105.229135,-5.3724992,-5.397913,0.0174532925,6371),(2476,6,70,105.2348543,105.24983,-5.3724992,-5.418685,0.0174532925,6371),(2477,6,71,105.2348543,105.251794,-5.3724992,-5.418632,0.0174532925,6371),(2478,6,72,105.2348543,105.255399,-5.3724992,-5.424683,0.0174532925,6371),(2479,6,73,105.2348543,105.263024,-5.3724992,-5.415646,0.0174532925,6371),(2480,6,74,105.2348543,105.275806,-5.3724992,-5.425497,0.0174532925,6371),(2481,6,75,105.2348543,105.274661,-5.3724992,-5.416922,0.0174532925,6371),(2482,6,76,105.2348543,105.274093,-5.3724992,-5.418631,0.0174532925,6371),(2483,6,77,105.2348543,105.31642,-5.3724992,-5.396066,0.0174532925,6371),(2484,6,78,105.2348543,105.322847,-5.3724992,-5.417465,0.0174532925,6371),(2485,6,79,105.2348543,105.251203,-5.3724992,-5.405103,0.0174532925,6371),(2486,6,80,105.2348543,105.243624,-5.3724992,-5.396438,0.0174532925,6371),(2487,6,81,105.2348543,105.240598,-5.3724992,-5.406681,0.0174532925,6371),(2488,6,82,105.2348543,105.244005,-5.3724992,-5.388806,0.0174532925,6371),(2489,6,83,105.2348543,105.250166,-5.3724992,-5.403079,0.0174532925,6371),(2490,6,84,105.2348543,105.257456,-5.3724992,-5.415305,0.0174532925,6371),(2491,6,85,105.2348543,105.258365,-5.3724992,-5.414528,0.0174532925,6371),(2492,6,86,105.2348543,105.259277,-5.3724992,-5.414547,0.0174532925,6371),(2493,6,87,105.2348543,105.262031,-5.3724992,-5.421226,0.0174532925,6371),(2494,6,88,105.2348543,105.262029,-5.3724992,-5.421237,0.0174532925,6371),(2495,6,89,105.2348543,105.262012,-5.3724992,-5.421278,0.0174532925,6371),(2496,6,90,105.2348543,105.271557,-5.3724992,-5.428024,0.0174532925,6371),(2497,6,91,105.2348543,105.273746,-5.3724992,-5.428755,0.0174532925,6371),(2498,6,92,105.2348543,105.265987,-5.3724992,-5.410956,0.0174532925,6371),(2499,6,93,105.2348543,105.300237,-5.3724992,-5.391494,0.0174532925,6371),(2500,6,94,105.2348543,105.307028,-5.3724992,-5.388134,0.0174532925,6371),(2501,6,95,105.2348543,105.289981,-5.3724992,-5.37488,0.0174532925,6371),(2502,6,96,105.2348543,105.289957,-5.3724992,-5.375813,0.0174532925,6371),(2503,6,97,105.2348543,105.289147,-5.3724992,-5.378467,0.0174532925,6371),(2504,6,98,105.2348543,105.294319,-5.3724992,-5.38938,0.0174532925,6371),(2505,6,99,105.2348543,105.304104,-5.3724992,-5.394186,0.0174532925,6371),(2506,6,100,105.2348543,105.300231,-5.3724992,-5.391377,0.0174532925,6371),(2507,6,101,105.2348543,105.291687,-5.3724992,-5.403295,0.0174532925,6371),(2508,6,102,105.2348543,105.309082,-5.3724992,-5.399954,0.0174532925,6371),(2509,6,103,105.2348543,105.313803,-5.3724992,-5.401193,0.0174532925,6371),(2510,6,104,105.2348543,105.301035,-5.3724992,-5.394475,0.0174532925,6371),(2511,6,105,105.2348543,105.274914,-5.3724992,-5.446074,0.0174532925,6371),(2512,6,106,105.2348543,105.323362,-5.3724992,-5.477972,0.0174532925,6371),(2513,6,107,105.2348543,105.323571,-5.3724992,-5.480922,0.0174532925,6371),(2514,6,108,105.2348543,105.335383,-5.3724992,-5.434434,0.0174532925,6371);

/*Table structure for table `jenis` */

DROP TABLE IF EXISTS `jenis`;

CREATE TABLE `jenis` (
  `idjenis` int(11) NOT NULL AUTO_INCREMENT,
  `jenis` varchar(30) NOT NULL,
  PRIMARY KEY (`idjenis`)
) ENGINE=InnoDB AUTO_INCREMENT=6 DEFAULT CHARSET=latin1;

/*Data for the table `jenis` */

insert  into `jenis`(`idjenis`,`jenis`) values (1,'Pakaian'),(2,'Kebaya'),(3,'Konveksi'),(4,'Jas'),(5,'Permak Levis');

/*Table structure for table `jenispenjahit` */

DROP TABLE IF EXISTS `jenispenjahit`;

CREATE TABLE `jenispenjahit` (
  `jenispenjahit` int(11) NOT NULL AUTO_INCREMENT,
  `idpenjahit` int(11) NOT NULL,
  `jenis` varchar(30) NOT NULL,
  PRIMARY KEY (`jenispenjahit`)
) ENGINE=InnoDB AUTO_INCREMENT=11 DEFAULT CHARSET=latin1;

/*Data for the table `jenispenjahit` */

insert  into `jenispenjahit`(`jenispenjahit`,`idpenjahit`,`jenis`) values (0,6,'kebaya '),(9,5,'Kebaya'),(10,5,'Konveksi');

/*Table structure for table `karya` */

DROP TABLE IF EXISTS `karya`;

CREATE TABLE `karya` (
  `idkarya` int(11) NOT NULL AUTO_INCREMENT,
  `idpenjahit` int(11) NOT NULL,
  `nama` varchar(30) NOT NULL,
  `deskripsi` varchar(255) NOT NULL,
  `foto` varchar(100) NOT NULL,
  PRIMARY KEY (`idkarya`),
  UNIQUE KEY `u` (`idpenjahit`,`nama`,`deskripsi`,`foto`)
) ENGINE=InnoDB AUTO_INCREMENT=5 DEFAULT CHARSET=latin1;

/*Data for the table `karya` */

insert  into `karya`(`idkarya`,`idpenjahit`,`nama`,`deskripsi`,`foto`) values (1,1,'Jahit Sulam Usus','Deskripsi Jahit Sulam Usus','WP38pVfH.jpeg'),(3,1,'Jahit Sulam Usus 2','Jahit Sulam Usus 2','wallpapertip_yadav-logo-wallpaper_287286.jpg'),(4,5,'oktaa','baik dan cantik','DSC_0596.JPG');

/*Table structure for table `pencari` */

DROP TABLE IF EXISTS `pencari`;

CREATE TABLE `pencari` (
  `idpencari` int(11) NOT NULL AUTO_INCREMENT,
  `nama` varchar(30) NOT NULL,
  `email` varchar(30) NOT NULL,
  `pass` varchar(50) NOT NULL,
  `alamat` varbinary(100) NOT NULL,
  `wa` varbinary(15) NOT NULL,
  `foto` varchar(100) NOT NULL DEFAULT 'default.jpg',
  PRIMARY KEY (`idpencari`)
) ENGINE=InnoDB AUTO_INCREMENT=7 DEFAULT CHARSET=latin1;

/*Data for the table `pencari` */

insert  into `pencari`(`idpencari`,`nama`,`email`,`pass`,`alamat`,`wa`,`foto`) values (1,'Pencari 1','pencari1@gmail.com','202cb962ac59075b964b07152d234b70','-','0123456789','FNvY9GyXMAIxHme.jpg'),(2,'Sandy','sandy@gmail.com','202cb962ac59075b964b07152d234b70','','','default.jpg'),(3,'okta','cantik@gmail.com','202cb962ac59075b964b07152d234b70','gang buntu','089612418295','DSC_0628.JPG'),(4,'aspiah','','202cb962ac59075b964b07152d234b70','','085362803013','default.jpg'),(5,'Okta cantik','','202cb962ac59075b964b07152d234b70','','81368097215','default.jpg'),(6,'okta cantik','okta@gmail.com','202cb962ac59075b964b07152d234b70','rajabasa','081368097215','DSC_0626.JPG');

/*Table structure for table `penjahit` */

DROP TABLE IF EXISTS `penjahit`;

CREATE TABLE `penjahit` (
  `idpenjahit` int(11) NOT NULL AUTO_INCREMENT,
  `nama` varchar(30) NOT NULL,
  `email` varchar(30) NOT NULL,
  `pass` varchar(50) NOT NULL,
  `lon` varchar(50) NOT NULL,
  `lat` varchar(50) NOT NULL,
  `alamat` varchar(100) NOT NULL,
  `wa` varchar(15) NOT NULL,
  `jenis` varchar(50) NOT NULL,
  `foto` varchar(100) NOT NULL DEFAULT 'default.jpg',
  PRIMARY KEY (`idpenjahit`),
  UNIQUE KEY `u` (`nama`,`email`)
) ENGINE=InnoDB AUTO_INCREMENT=109 DEFAULT CHARSET=latin1;

/*Data for the table `penjahit` */

insert  into `penjahit`(`idpenjahit`,`nama`,`email`,`pass`,`lon`,`lat`,`alamat`,`wa`,`jenis`,`foto`) values (5,'Penjahit Deka','deka@gmail.com','202cb962ac59075b964b07152d234b70','105.247674','-5.345272','Jl. Nawawi Gelar Dalom desa No.6 RT 05, Sumberejo, Kec. Rajabasa','082384114034','Kebaya','jahit Deka 2.JPG'),(6,'Penjahit Ibu Ati','','202cb962ac59075b964b07152d234b70','105.244896','-5.343392',' Rajabasa Jaya, Kec. Rajabasa, Kota Bandar Lampung','085269711557','Kebaya','default.jpg'),(7,'Citra Busana','','202cb962ac59075b964b07152d234b70','105.263167','-5.350987',' Jl. Padat Karya, Labuhan Dalam, Kec. Rajabasa, Kota Bandar Lampung','082181728858','Pakaian,kebaya','default.jpg'),(8,'Rumah Jahit Liana ','','202cb962ac59075b964b07152d234b70','105.248673','-5.353849','Jl. Padat Karya No.27, Rajabasa Raya, Kec. Rajabasa','089519005390','Pakaian','default.jpg'),(9,'Penjahit Shabrina','','202cb962ac59075b964b07152d234b70','105.259691','-5.349203','Jl. Mawar No.45, Rajabasa Jaya, Kec. Rajabasa, Kota Bandar Lampung','0895637316963','Pakaian','default.jpg'),(10,'Anisa Busana','','202cb962ac59075b964b07152d234b70','105.227760','-5.369963','Jl. Pramuka, Rajabasa, Kec. Rajabasa, Kota Bandar Lampung, Lampung ','082183069680','Kebaya,jas','default.jpg'),(11,'Penjahit Rahmah 2','','202cb962ac59075b964b07152d234b70','105.24622','-5.34622','Rajabasa Jaya, Rajabasa,kota bandar lampung','0895334657149','Pakaian,permak levis,kebaya,Konveksi','default.jpg'),(12,'Permak Levis Ujang','','202cb962ac59075b964b07152d234b70','105.236020','-5.366329','Terminal Rajabasa, Rajabasa, Kec. Rajabasa, Kota Bandar Lampung','081279453786','Permak Levis,Pakaian','default.jpg'),(13,'Permak Jodes','','202cb962ac59075b964b07152d234b70','105.242652','-5.374223','Jl. ZA. Pagar Alam No.53, Gedong Meneng, Kec. Rajabasa','085267935674','Permak Levis','default.jpg'),(14,'Harsen Konveksi Lampung','','202cb962ac59075b964b07152d234b70','105.246660','-5.362783','Jl.Pagar alam II No.9B, Kedaton , Kec.Kedaton,Kota Bandar Lampung','085694424339','Konveksi','default.jpg'),(15,'Konveksi Quantum ','','202cb962ac59075b964b07152d234b70','105.253891','-5.384473','Jalan Bumi Manti No. 03, Kp. Baru, Kec. Kedaton, Kota Bandar Lampung','081268185707','Konveksi','default.jpg'),(16,'Kebaya BDL','','202cb962ac59075b964b07152d234b70','105.247225','-5.369990','Gg. Mawar, Kp. Baru, Kec. Kedaton, Kota Bandar Lampung','085366627001','Kebaya','default.jpg'),(17,'Katun Konveksi','','202cb962ac59075b964b07152d234b70','105.257988','-5.387419','Jl. Kijang No.58, Sidodadi, Kec. Kedaton, Kota Bandar Lampung','081541151397','pakaian,Konveksi','default.jpg'),(18,'Metro Konveksi','','202cb962ac59075b964b07152d234b70','105.259896','-5.373012','Jl. Nusantara, Labuhan Ratu, Kec. Kedaton, Kota Bandar Lampung','081369352028','Seragam  ','default.jpg'),(19,'Penjahit Pantes','','202cb962ac59075b964b07152d234b70','105.260225','-5.388233','Jl. Tupai No.17, Sidodadi, Kec. Kedaton, Kota Bandar Lampung','081369644409','pakaian,Konveksi','default.jpg'),(21,'Permak Andre','','202cb962ac59075b964b07152d234b70','105.252768','-5.373040','no 30 stasiun, Jl. Untung Suropati, Labuhan Ratu, Kec. Kedaton','085212334148','Permak Levis','default.jpg'),(22,'Penjahit Toni','','202cb962ac59075b964b07152d234b70','105.256115','-5.362954','Jl. Untung Suropati No.23, Labuhan Ratu, Kec.Kedaton','085378267776','jas,kebaya ,Konveksi','default.jpg'),(23,'Cemerlang Tailor','','202cb962ac59075b964b07152d234b70','105.256415','-5.364076','Jl. Untung Surapati No.72, Labuhan Ratu, Kota Bandar Lampung','0721788519','Pakaian ','default.jpg'),(24,'Rumah Jahit Kiki','','202cb962ac59075b964b07152d234b70','105.256285','-5.364085','Jl. Untung Suropati, Labuhan Dalam, Kec. Kedaton','089618392818','pakaian','default.jpg'),(25,'Gun Permak','','202cb962ac59075b964b07152d234b70','105.254189','-5.372798','Jl. Untung Suropati No.66c, Labuhan Ratu, Kec. Kedaton','081273254340','Permak Levis','default.jpg'),(26,'Muis Permak','','202cb962ac59075b964b07152d234b70','105.247135','-5.365189','Jl. Bumi Manti II No.1, Kp. Baru, Kec. Kedaton, Kota Bandar Lampung','082281408511','Permak Levis','default.jpg'),(27,'anisa jahit','','202cb962ac59075b964b07152d234b70','105.272330','-5.379561','Jl. Malabar No.04, Perumnas Way Halim, Kec. Kedaton','081366794677','Kebaya, pakaian','default.jpg'),(28,'Misnawati','','202cb962ac59075b964b07152d234b70','105.268343','-5.377529','Jl. Moh. Nur 3 No.41, Sepang Jaya, Kec. Kedaton','085273327161','Kebaya, pakaian','default.jpg'),(29,'Fajar Taylor','','202cb962ac59075b964b07152d234b70','105.251822','-5.398591','Jl. Sam Ratulangi, Penengahan, Kec. Kedaton','082186401760','Konveksi , pakaian ','default.jpg'),(30,'permak jws','','202cb962ac59075b964b07152d234b70','105.265926','-5.375879','Jl. Sultan H. No.68-64, Sepang Jaya, Kec. Kedaton','082162637144','Permak Levis','default.jpg'),(31,'permak bancar II','','202cb962ac59075b964b07152d234b70','105.266226','-5.373059',' Sepang Jaya, Kec. Kedaton, Kota Bandar Lampung','081274649497','Permak Levis','default.jpg'),(32,'Anjilika','','202cb962ac59075b964b07152d234b70','105.216322','-5.374255',' Perumahan Bukit Kemiling Permai, Kemiling Permai','085208378985','Pakaian,vermak','default.jpg'),(33,'Fazle Maula','','202cb962ac59075b964b07152d234b70','105.220619','-5.387179','Jl. Pramuka No.32, Sumber Rejo, Kec. Kemiling','085367106797','Kebaya , Pakaian ','default.jpg'),(34,'Graniayaga','','202cb962ac59075b964b07152d234b70','105.216537','-5.394769','Gg. Melati.1, No 14 RT 15, Sumber Rejo, Kemiling','085712090230','pakaian,Konveksi,kebaya','default.jpg'),(35,'Vermak kresna','','202cb962ac59075b964b07152d234b70','105.215357','-5.393103','Jl. Teuku Cik Ditiro No.08, Sumber Rejo, Kec. Kemiling','082269046657','vermak','default.jpg'),(36,'Vermak beng ubl','','202cb962ac59075b964b07152d234b70','105.227841','-5.369188','Jl. Pramuka No.18, Sumber Rejo, Kec. Kemiling','081369566617','vermak','default.jpg'),(37,'Vermak levi\'s','','202cb962ac59075b964b07152d234b70','105.198612','-5.403037','Beringin Raya, Kec. Kemiling, Kota Bandar Lampung','0895640262476','vermak, pakaian','default.jpg'),(38,'Ida kebaya','','202cb962ac59075b964b07152d234b70','105.220090','-5.391380','Jl. Randu Gg. Dermawan III No.gg, Sumber Rejo, Kec. Kemiling','085382397474','Kebaya , Pakaian ','default.jpg'),(39,'Dk Konveksi','','202cb962ac59075b964b07152d234b70','105.281621','-5.362422','01, Jl. Raja Tihang No.48, Tanjung Senang, Bandar Lampung ','082183059361','Konveksi','default.jpg'),(40,'Widie Jeans','','202cb962ac59075b964b07152d234b70','105.272818','-5.360372','Jl. Turi Raya No.01, Tj. Senang, Kec. Tj. Senang, Kota Bandar Lampung','081262211158','Permak Levis','default.jpg'),(41,'Kuncung Collection','','202cb962ac59075b964b07152d234b70','105.287956','-5.363254','Jl. Bunga Sedap Malam Raya No.22, Perumnas Way Kandis, Kec. Tj. Senang','082246840903','Permak Levis','default.jpg'),(42,'Ira Tailor','','202cb962ac59075b964b07152d234b70','105.283871','-5.359294','Jl. Ratu Dibalau, Way Kandis, Kec. Tj. Senang','085279390740','Pakaian','default.jpg'),(43,'Penjahit 2N','','202cb962ac59075b964b07152d234b70','105.287544','-5.353174','Jl. Cemp. 2, Way Kandis, Kec. Tj. Senang, Kota Bandar Lampung','082373667882','Pakaian','default.jpg'),(44,'Penjahit ila','','202cb962ac59075b964b07152d234b70','105.291326','-5.350529','Jl. Tirtaria, Way Kandis, Kec. Tj. Senang, Kota Bandar Lampung','089682283770','Pakaian','default.jpg'),(45,'Silva busana','','202cb962ac59075b964b07152d234b70','105.289900','-5.363476','Jl. Pulau Raya, Perumnas Way Kandis, Kec. Tj. Senang','085366169320','pakaian','default.jpg'),(46,'Penjahit Eka','','202cb962ac59075b964b07152d234b70','105.291030','-5.367256','Perumnas Way Kandis, Kec. Tj. Senang, Kota Bandar Lampung','085246231513','Kebaya , Pakaian','default.jpg'),(47,'ferdinan tailor','','202cb962ac59075b964b07152d234b70','105.275165','-5.377518','Jl. Semeru I No.10, Perumnas Way Halim, Kec. Way Halim','081272046469','pakaian, permak','default.jpg'),(48,'Penjahit septi ','','202cb962ac59075b964b07152d234b70','105.274143','-5.385046','Way Halim Permai, Kec.way halim, Kota Bandar Lampung, Lampung ','089623506288','Kebaya, pakaian ','default.jpg'),(49,'Sadewo','','202cb962ac59075b964b07152d234b70','105.273481','-5.385878','Gg. Balam No.12, Way Halim Permai, Kec. Way Halim','085269099599','Kebaya, pakaian ','default.jpg'),(50,'Yasuka Tailor','','202cb962ac59075b964b07152d234b70','105.267618','-5.384873','Jl. Ki Maja Gg. Pertama, Way Halim Permai','083897656837','pakaian,kebaya, jas','default.jpg'),(51,'Rumah jahit Opi','','202cb962ac59075b964b07152d234b70','105.271114','-5.392568','Jl. Danau Toba Gg. Saburai No.151, Gn. Sulah, Kec. Way Halim','0895610006606','Kebaya, pakaian ,jas','default.jpg'),(52,'Bintang Konveksi','','202cb962ac59075b964b07152d234b70','105.281376','-5.391951','Way Halim Permai, Kec. Sukarame, Kota Bandar Lampung','085381437884','Konveksi','default.jpg'),(53,'permak levis doni','','202cb962ac59075b964b07152d234b70','105.260510','-5.368700','Jl. Raja Ratu Kel No.34, Labuhan Ratu, Kec. Labuhan Ratu','089689517496','permak','default.jpg'),(54,'Adi Tailor','','202cb962ac59075b964b07152d234b70','105.263051','-5.375879','Gg. Harapan I No.04, Labuhan Ratu','0816414925','permak','default.jpg'),(55,'Delia busana','','202cb962ac59075b964b07152d234b70','105.267327','-5.429437','Jalan Dokter Susilo No.36, Sumur Batu, Kec. Tlk. Betung Utara','0721241987','kebaya,jas,pakaian','default.jpg'),(56,'vermak dedi','','202cb962ac59075b964b07152d234b70','105.262435','-5.433410','Jl. Diponegoro No.4, Sumur Batu, Kec. Tlk. Betung Utara','0895609808790','Permak ','default.jpg'),(57,'Rumah jahit eli','','202cb962ac59075b964b07152d234b70','105.257083','-5.433231',' Gulak Galik, Kec. Tlk. Betung Utara','0895320444110','Pakaian','default.jpg'),(58,'Aceh busana','','202cb962ac59075b964b07152d234b70','105.254410','-5.434538','Jl. Basuki Rahmat No.142, Sumur Putri, Kec. Tlk. Betung Utara','085279871087','kebaya,jas,pakaian','default.jpg'),(59,'Dinta tailor','','202cb962ac59075b964b07152d234b70','105.253230','-5.437305','Jl. Mr. Moch Roem No.18, Sumur Putri, Kec. Tlk. Betung Utara','081369367272','pakaian ,jas','default.jpg'),(60,'Novi jahit','','202cb962ac59075b964b07152d234b70','105.242420','-5.431594','Jl. P. Emir Moh. Noer Gg. Karya Muda 1, Sumur Putri, Kec. Telukbetung Selatan','08973699109','kebaya,jas','default.jpg'),(61,'fahni Tailor','','202cb962ac59075b964b07152d234b70','105.260745','-5.444142','Jl. Wolter Monginsidi No.33, Talang, Kec. Telukbetung Selatan','082373963680','konveksi,pakaian','default.jpg'),(62,'Yen Tailor','','202cb962ac59075b964b07152d234b70','105.264628','-5.446897','Jl. Ikan Hiu No.65, Pesawahan, Kec. Telukbetung Selatan','0721472276','kebaya,jas, pakaian','default.jpg'),(63,'penjahit mustika','','202cb962ac59075b964b07152d234b70','105.261882','-5.447880','Jl. Ikan Tenggiri, Pesawahan, Kec. Telukbetung Selatan','08127948663','kebaya,jas, pakaian','default.jpg'),(64,'Permak fariz','','202cb962ac59075b964b07152d234b70','105.256926','-5.450322','Jl. Kh. Hasyim Ashari, Gedong Pakuon, Kec. Telukbetung Selatan','08975056313','permak levis','default.jpg'),(65,'Junaidi Tailor','','202cb962ac59075b964b07152d234b70','105.309066','-5.449654','Jalan Ki Moh Salim, Way Lunik, Kec. Telukbetung Selatan, Kota Bandar Lampung','081273374499','Pakaian','default.jpg'),(66,'Kardinal konveksi','','202cb962ac59075b964b07152d234b70','105.266438','-5.445818','Jl. Ikan Layur No.33 B, Tlk. Betung, Kec. Telukbetung Selatan','085279422010','konveksi','default.jpg'),(67,'Penjahit novia','','202cb962ac59075b964b07152d234b70','105.244208','-5.452442','Bakung, Kec. Tlk. Betung Barat, Kota Bandar Lampung','082179499768','pakaian','default.jpg'),(68,'Virgi Tailor','','202cb962ac59075b964b07152d234b70','105.222362','-5.392451','Jl. Kulit No.74, Langkapura, Kec. Langkapura, Kota Bandar Lampung','082175231600','Kebaya, jas, pakaian','default.jpg'),(69,'Rumah jahit mba lela','','202cb962ac59075b964b07152d234b70','105.229135','-5.397913','Gg. Langgar No.23, Langkapura, Kota Bandar Lampung','085895795581','pakaian','default.jpg'),(70,'Diamon Tailor','','202cb962ac59075b964b07152d234b70','105.249830','-5.418685','Jl. Cut Nyak Dien No.33, Kaliawi, Kec. Tj. Karang Pusat','082178219500','kebaya , jas, pakaian','default.jpg'),(71,'Beauty Tailor','','202cb962ac59075b964b07152d234b70','105.251794','-5.418632','Jl. Cut Nyak Dien No.9, Durian Payung, Kec. Tj. Karang Pusat','0721257746','kebaya , jas, pakaian','default.jpg'),(72,'penjahit ayu','','202cb962ac59075b964b07152d234b70','105.255399','-5.424683','Jl. M. Husni Thamrin Gg. Amanah, Gotong Royong, Kec. Tj. Karang Pusat','085378752302','pakaian','default.jpg'),(73,'penjahit rohana','','202cb962ac59075b964b07152d234b70','105.263024','-5.415646','Jl. Dr. Harun 1 No.51, Kota Baru, Kec. Tanjungkarang Timur','0721258590','kebaya ','default.jpg'),(74,'aneka karya','','202cb962ac59075b964b07152d234b70','105.275806','-5.425497','Jl. Perintis Kemerdekaan No.146, Tj. Gading, Kec. Tanjungkarang Timur','081272225654','konveksi,pakaian','default.jpg'),(75,'Penjahit lili','','202cb962ac59075b964b07152d234b70','105.274661','-5.416922','Jl. Dr. Harun 1 lll No.26, Kota Baru, Kec. Tanjungkarang Timur','085768731460','Kebaya','default.jpg'),(76,'permak levi\'s','','202cb962ac59075b964b07152d234b70','105.274093','-5.418631','Jl. Dr. Harun II Gg. Sukun No.39, Kota Baru, Kec. Tanjungkarang Timur','085788342938','permak levis','default.jpg'),(77,'Agung Konveksi','','202cb962ac59075b964b07152d234b70','105.316420','-5.396066','Jl. Hayam Wuruk No.36, Kedamaian, Kec. Tj. Karang Timur','081271466090','konveksi,pakaian','default.jpg'),(78,'omah jahit Rizky','','202cb962ac59075b964b07152d234b70','105.322847','-5.417465','H8MF+793, Campang Raya, Kec. Tanjungkarang Timur','089633441131','Pakaian','default.jpg'),(79,'Ria Kebaya','','202cb962ac59075b964b07152d234b70','105.251203','-5.405103','Suka Jawa, Kec. Tj. Karang Bar., Kota Bandar Lampung','089631945690','kebaya','default.jpg'),(80,'Kita Karya','','202cb962ac59075b964b07152d234b70','105.243624','-5.396438','Jalan Imam Bonjol No.176, Lebak Budi, Segala Mider, Kec. Tj. Karang Barat','081271279694','konveksi','default.jpg'),(81,'Yani jahit','','202cb962ac59075b964b07152d234b70','105.240598','-5.406681','Jl. Sultan Badarudin, Gedong Air, Kec. Tj. Karang Barat','082282086075','kebaya,jas, pakaian, permak','default.jpg'),(82,'Fira jahit','','202cb962ac59075b964b07152d234b70','105.244005','-5.388806','Jl. Pagar Alam Jl. Mata Intan, Segala Mider, Kec. Tj. Karang Barat','085369702068','Kebaya,jas,pakaian','default.jpg'),(83,'Idaman konveksi','','202cb962ac59075b964b07152d234b70','105.250166','-5.403079','Jl. Imam Bonjol No.188, Suka Jawa, Kec. Tj. Karang Barat','082371765487','konveksi','default.jpg'),(84,'Cik lan jahit','','202cb962ac59075b964b07152d234b70','105.257456','-5.415305','Gg. Hi. Thasim II Jl. Jend. Suprapto No.2, Pelita, Engal','082184302410','pakaian','default.jpg'),(85,'Amril penjahit','','202cb962ac59075b964b07152d234b70','105.258365','-5.414528','Jl. Raden Intan No.49-C, Enggal, Engal','0721264824','Jas, pakaian,kebaya','default.jpg'),(86,'agus jahit','','202cb962ac59075b964b07152d234b70','105.259277','-5.414547','Jl. Kamboja No.54, Enggal, Engal, Kota Bandar Lampung','0721267129','pakaian, vermak','default.jpg'),(87,'Waya jahit','','202cb962ac59075b964b07152d234b70','105.262031','-5.421226','Simpur Center, Lantai 2 Blok A No.23A, Jalan Katamso, Tj. Karang, Engal','085357395644','kebaya,pakaian','default.jpg'),(88,'Jahit jasa','','202cb962ac59075b964b07152d234b70','105.262029','-5.421237','depan kedai item, Jl. Mataram No.16, Enggal, Engal','0895360606403','kebaya,pakaian','default.jpg'),(89,'Penjahit anugerah','','202cb962ac59075b964b07152d234b70','105.262012','-5.421278','Jl. Mataram No.16, Enggal, Kec. Tj. Karang Pusat, Kota Bandar Lampung','0895360606403','kebaya,pakaian,jas','default.jpg'),(90,'penjahit anas','','202cb962ac59075b964b07152d234b70','105.271557','-5.428024','JL KH. Ahmad Dahlan, No. 05, Pahoman, engal','081279444455','pakaian','default.jpg'),(91,'Penjahit bagoes','','202cb962ac59075b964b07152d234b70','105.273746','-5.428755','Jl. Way Abung No.10, Pahoman, Engal, Kota Bandar Lampung','08127931342','kebaya,jas,pakaian','default.jpg'),(92,'Barokah Tailor','','202cb962ac59075b964b07152d234b70','105.265987','-5.410956','Jl. Rajawali I No.69, Tj. Agung Raya, Kec. Kedamaian, Kota Bandar Lampung','085279996494','Pakaian','default.jpg'),(93,'Permak zen','','202cb962ac59075b964b07152d234b70','105.300237','-5.391494','Jl. Pulau Singkep No.68, Sukarame, Kec. Sukarame','081388484822','permak','default.jpg'),(94,'jahit ibu mukadasa ','','202cb962ac59075b964b07152d234b70','105.307028','-5.388134','Perum Griya Sukarame Blok. E7 No. 3, Sukarame, Kec. Sukarame','08125540933','pakaian','default.jpg'),(95,'jahit liana','','202cb962ac59075b964b07152d234b70','105.289981','-5.374880','Way Dadi, Kec. Sukarame, Kota Bandar Lampung','0895322385486','kebaya , pakaian','default.jpg'),(96,'Penjahit Swis','','202cb962ac59075b964b07152d234b70','105.289957','-5.375813',' Way Dadi, Kec. Sukarame, Kota Bandar Lampung','082176661112','pakaian','default.jpg'),(97,'Penjahit SR','','202cb962ac59075b964b07152d234b70','105.289147','-5.378467','Jl. Pulau Damar No.12, Way Dadi, Kec. Sukarame','081379031065','pakaian, kebaya','default.jpg'),(98,'Dyah modeste','','202cb962ac59075b964b07152d234b70','105.294319','-5.38938','Jl. Arjuna, Sukarame, Kec. Sukarame, Kota Bandar Lampung','081216120105','pakaian','default.jpg'),(99,'Jahit kebaya','','202cb962ac59075b964b07152d234b70','105.304104','-5.394186',' Jl. Pulau Singkep, Sukarame, Kec. Sukarame','07217372386','kebaya ','default.jpg'),(100,'Pas 3','','202cb962ac59075b964b07152d234b70','105.300231','-5.391377','Jl. Pulau Singkep No.68, Sukarame, Kec. Sukarame','085367254304','permak','default.jpg'),(101,'Bintang Kebaya','','202cb962ac59075b964b07152d234b70','105.291687','-5.403295','Jl. Asahan, Sukabumi Indah, Kec. Sukabumi','081271465249','kebaya','default.jpg'),(102,'Penjahit Ulfa','','202cb962ac59075b964b07152d234b70','105.309082','-5.399954','Jl. P. Tirtayasa, Sukabumi, Kec. Sukabumi','085378266246','pakaian','default.jpg'),(103,'Luwes','','202cb962ac59075b964b07152d234b70','105.313803','-5.401193',' Jl. P. Tirtayasa, Sukabumi, Kec. Sukabumi','082111154540','pakaian','default.jpg'),(104,'Ro-bex','','202cb962ac59075b964b07152d234b70','105.301035','-5.394475','Jalan P. Enggano No. 45 B, Sukabumi, Kec. Sukabumi','08996457506','pakaian','default.jpg'),(105,'LC mas konveksi','','202cb962ac59075b964b07152d234b70','105.274914','-5.446074','JL. Yos Sudarso, No. 155, Bumi Waras, Bandar Lampung','0721484712','konveksi','default.jpg'),(106,'penjahit adinda','','202cb962ac59075b964b07152d234b70','105.323362','-5.477972','Jl. Yos Sudarso No.09, Panjang Sel., Kec. Panjang,','082377817136','pakaian','default.jpg'),(107,'Warung Jahit longcity','','202cb962ac59075b964b07152d234b70','105.323571','-5.480922','Panjang Sel., Kec. Panjang, Kota Bandar Lampung','0895343010598','pakaian','default.jpg'),(108,'Jahit BiliarysD\'ti','','202cb962ac59075b964b07152d234b70','105.335383','-5.434434','Way Laga, Kec. Panjang, Kota Bandar Lampung','0895621615305','Kebaya,jas,pakaian','default.jpg');

/*Table structure for table `rating` */

DROP TABLE IF EXISTS `rating`;

CREATE TABLE `rating` (
  `idrating` int(11) NOT NULL AUTO_INCREMENT,
  `waktu` datetime NOT NULL,
  `idpencari` int(11) NOT NULL,
  `idpenjahit` int(11) NOT NULL,
  `poin` double NOT NULL,
  PRIMARY KEY (`idrating`),
  UNIQUE KEY `u` (`idpencari`,`idpenjahit`,`poin`)
) ENGINE=InnoDB DEFAULT CHARSET=latin1;

/*Data for the table `rating` */

/*Table structure for table `hasilpencarian_step1` */

DROP TABLE IF EXISTS `hasilpencarian_step1`;

/*!50001 DROP VIEW IF EXISTS `hasilpencarian_step1` */;
/*!50001 DROP TABLE IF EXISTS `hasilpencarian_step1` */;

/*!50001 CREATE TABLE  `hasilpencarian_step1`(
 `idpencari` int(11) ,
 `idpenjahit` int(11) ,
 `X` double ,
 `Y` double ,
 `R` double 
)*/;

/*Table structure for table `hasilpencarian_step2` */

DROP TABLE IF EXISTS `hasilpencarian_step2`;

/*!50001 DROP VIEW IF EXISTS `hasilpencarian_step2` */;
/*!50001 DROP TABLE IF EXISTS `hasilpencarian_step2` */;

/*!50001 CREATE TABLE  `hasilpencarian_step2`(
 `idpencari` int(11) ,
 `idpenjahit` int(11) ,
 `d` double(20,3) 
)*/;

/*View structure for view hasilpencarian_step1 */

/*!50001 DROP TABLE IF EXISTS `hasilpencarian_step1` */;
/*!50001 DROP VIEW IF EXISTS `hasilpencarian_step1` */;

/*!50001 CREATE ALGORITHM=UNDEFINED DEFINER=`root`@`localhost` SQL SECURITY DEFINER VIEW `hasilpencarian_step1` AS select `hasilpencarian`.`idpencari` AS `idpencari`,`hasilpencarian`.`idpenjahit` AS `idpenjahit`,(((`hasilpencarian`.`lon2` * `hasilpencarian`.`rad`) - (`hasilpencarian`.`lon1` * `hasilpencarian`.`rad`)) * cos((((`hasilpencarian`.`lat1` * `hasilpencarian`.`rad`) + (`hasilpencarian`.`lat2` * `hasilpencarian`.`rad`)) / 2))) AS `X`,((`hasilpencarian`.`lat2` * `hasilpencarian`.`rad`) - (`hasilpencarian`.`lat1` * `hasilpencarian`.`rad`)) AS `Y`,`hasilpencarian`.`R` AS `R` from `hasilpencarian` */;

/*View structure for view hasilpencarian_step2 */

/*!50001 DROP TABLE IF EXISTS `hasilpencarian_step2` */;
/*!50001 DROP VIEW IF EXISTS `hasilpencarian_step2` */;

/*!50001 CREATE ALGORITHM=UNDEFINED DEFINER=`root`@`localhost` SQL SECURITY DEFINER VIEW `hasilpencarian_step2` AS select `hasilpencarian_step1`.`idpencari` AS `idpencari`,`hasilpencarian_step1`.`idpenjahit` AS `idpenjahit`,round((sqrt(((`hasilpencarian_step1`.`X` * `hasilpencarian_step1`.`X`) + (`hasilpencarian_step1`.`Y` * `hasilpencarian_step1`.`Y`))) * `hasilpencarian_step1`.`R`),3) AS `d` from `hasilpencarian_step1` */;

/*!40101 SET SQL_MODE=@OLD_SQL_MODE */;
/*!40014 SET FOREIGN_KEY_CHECKS=@OLD_FOREIGN_KEY_CHECKS */;
/*!40014 SET UNIQUE_CHECKS=@OLD_UNIQUE_CHECKS */;
/*!40111 SET SQL_NOTES=@OLD_SQL_NOTES */;
